{"verts":[-0.500000,0.000000,0.500000,-0.500000,0.000000,-0.500000,0.500000,0.000000,-0.500000,-0.500000,1.000000,0.500000,0.500000,1.000000,0.500000,0.500000,1.000000,-0.500000,-0.500000,0.000000,0.500000,0.500000,0.000000,0.500000,0.500000,1.000000,0.500000,0.500000,0.000000,0.500000,0.500000,0.000000,-0.500000,0.500000,0.000000,-0.500000,-0.500000,0.000000,-0.500000,-0.500000,1.000000,-0.500000,-0.500000,0.000000,-0.500000,-0.500000,1.000000,0.500000],
"indices":[0,1,2,3,4,5,6,7,8,9,10,5,11,12,13,14,0,15],
"texcoords":[1.000000,0.000000,1.000000,1.000000,0.000000,1.000000,0.000000,0.000000,1.000000,0.000000,1.000000,1.000000,0.000000,0.000000,1.000000,0.000000,1.000000,1.000000,0.000000,0.000000,1.000000,0.000000,0.000000,0.000000,1.000000,0.000000,1.000000,1.000000,0.000000,0.000000,1.000000,1.000000],
"normals":[-0.577400,-0.577400,0.577400,-0.577400,-0.577400,-0.577400,0.577400,-0.577400,-0.577400,-0.577400,0.577400,0.577400,0.577400,0.577400,0.577400,0.577400,0.577400,-0.577400,-0.577400,-0.577400,0.577400,0.577400,-0.577400,0.577400,0.577400,0.577400,0.577400,0.577400,-0.577400,0.577400,0.577400,-0.577400,-0.577400,0.577400,-0.577400,-0.577400,-0.577400,-0.577400,-0.577400,-0.577400,0.577400,-0.577400,-0.577400,-0.577400,-0.577400,-0.577400,0.577400,0.577400]}