{
	 "__metadata__": {
		 "format": "assimp2json"
		,"version": 100
	}
	,"rootnode": {
		 "name": "y43y12og.obj"
		,"transformation": [
			 1
			,0
			,0
			,0
			,0
			,1
			,0
			,0
			,0
			,0
			,1
			,0
			,0
			,0
			,0
			,1
		]
		,"children": [
			{
				 "name": "Box001"
				,"transformation": [
					 1
					,0
					,0
					,0
					,0
					,1
					,0
					,0
					,0
					,0
					,1
					,0
					,0
					,0
					,0
					,1
				]
			}
			,{
				 "name": "Box001"
				,"transformation": [
					 1
					,0
					,0
					,0
					,0
					,1
					,0
					,0
					,0
					,0
					,1
					,0
					,0
					,0
					,0
					,1
				]
				,"meshes": [
					 0
				]
			}
		]
	}
	,"flags": 8
	,"meshes": [
		{
			 "name": "Box001"
			,"materialindex": 0
			,"primitivetypes": 4
			,"vertices": [
				 -0.5
				,0
				,0.5
				,-0.5
				,0
				,-0.5
				,0.5
				,0
				,-0.5
				,0.5
				,0
				,0.5
				,-0.5
				,1
				,0.5
				,0.5
				,1
				,0.5
				,0.5
				,1
				,-0.5
				,-0.5
				,1
				,-0.5
				,-0.5
				,0
				,0.5
				,0.5
				,0
				,0.5
				,0.5
				,1
				,0.5
				,-0.5
				,1
				,0.5
				,0.5
				,0
				,0.5
				,0.5
				,0
				,-0.5
				,0.5
				,1
				,-0.5
				,0.5
				,1
				,0.5
				,0.5
				,0
				,-0.5
				,-0.5
				,0
				,-0.5
				,-0.5
				,1
				,-0.5
				,0.5
				,1
				,-0.5
				,-0.5
				,0
				,-0.5
				,-0.5
				,0
				,0.5
				,-0.5
				,1
				,0.5
				,-0.5
				,1
				,-0.5
			]
			,"normals": [
				 -0.5774
				,-0.5774
				,0.5774
				,-0.5774
				,-0.5774
				,-0.5774
				,0.5774
				,-0.5774
				,-0.5774
				,0.5774
				,-0.5774
				,0.5774
				,-0.5774
				,0.5774
				,0.5774
				,0.5774
				,0.5774
				,0.5774
				,0.5774
				,0.5774
				,-0.5774
				,-0.5774
				,0.5774
				,-0.5774
				,-0.5774
				,-0.5774
				,0.5774
				,0.5774
				,-0.5774
				,0.5774
				,0.5774
				,0.5774
				,0.5774
				,-0.5774
				,0.5774
				,0.5774
				,0.5774
				,-0.5774
				,0.5774
				,0.5774
				,-0.5774
				,-0.5774
				,0.5774
				,0.5774
				,-0.5774
				,0.5774
				,0.5774
				,0.5774
				,0.5774
				,-0.5774
				,-0.5774
				,-0.5774
				,-0.5774
				,-0.5774
				,-0.5774
				,0.5774
				,-0.5774
				,0.5774
				,0.5774
				,-0.5774
				,-0.5774
				,-0.5774
				,-0.5774
				,-0.5774
				,-0.5774
				,0.5774
				,-0.5774
				,0.5774
				,0.5774
				,-0.5774
				,0.5774
				,-0.5774
			]
			,"tangents": [
				 -0.816426
				,0.408319
				,-0.408319
				,-0.816426
				,0.408319
				,0.408319
				,-0.816426
				,-0.408319
				,-0.408319
				,-0.816426
				,-0.408319
				,0.408319
				,0.816426
				,0.408319
				,0.408319
				,0.816426
				,-0.408319
				,-0.408319
				,0.816426
				,-0.408319
				,0.408319
				,0.816426
				,0.408319
				,-0.408319
				,0.816426
				,-0.408319
				,0.408319
				,0.816426
				,0.408319
				,-0.408319
				,0.816426
				,-0.408319
				,-0.408319
				,0.816426
				,0.408319
				,0.408319
				,0.408319
				,-0.408319
				,-0.816426
				,-0.408319
				,0.408319
				,-0.816426
				,-0.408319
				,-0.408319
				,-0.816426
				,0.408319
				,0.408319
				,-0.816426
				,-0.816426
				,-0.408319
				,-0.408319
				,-0.816426
				,0.408319
				,0.408319
				,-0.816426
				,-0.408319
				,0.408319
				,-0.816426
				,0.408319
				,-0.408319
				,-0.408319
				,-0.408319
				,0.816426
				,0.408319
				,0.408319
				,0.816426
				,0.408319
				,-0.408319
				,0.816426
				,-0.408319
				,0.408319
				,0.816426
			]
			,"bitangents": [
				 -0.154358
				,-0.617354
				,-0.771393
				,0.0522889
				,0.679567
				,-0.731748
				,-0.0522889
				,0.679567
				,-0.731748
				,0.154358
				,-0.617354
				,-0.771393
				,-0.0522889
				,0.679567
				,-0.731748
				,0.0522889
				,0.679567
				,-0.731748
				,-0.154358
				,-0.617354
				,-0.771393
				,0.154358
				,-0.617354
				,-0.771393
				,-0.154358
				,0.771393
				,0.617354
				,0.154358
				,0.771393
				,0.617354
				,0.0522889
				,0.679567
				,-0.731748
				,-0.0522889
				,0.679567
				,-0.731748
				,0.617354
				,0.771393
				,0.154358
				,0.617354
				,0.771393
				,-0.154358
				,-0.617354
				,0.771393
				,0.154358
				,-0.617354
				,0.771393
				,-0.154358
				,-0.0522889
				,0.679567
				,-0.731748
				,0.0522889
				,0.679567
				,-0.731748
				,0.154358
				,0.771393
				,0.617354
				,-0.154358
				,0.771393
				,0.617354
				,-0.617354
				,0.771393
				,-0.154358
				,-0.617354
				,0.771393
				,0.154358
				,0.617354
				,0.771393
				,-0.154358
				,0.617354
				,0.771393
				,0.154358
			]
			,"numuvcomponents": [
				 2
			]
			,"texturecoords": [
				[
					 1
					,0
					,1
					,1
					,0
					,1
					,0
					,0
					,0
					,0
					,1
					,0
					,1
					,1
					,0
					,1
					,0
					,0
					,1
					,0
					,1
					,1
					,0
					,1
					,0
					,0
					,1
					,0
					,1
					,1
					,0
					,1
					,0
					,0
					,1
					,0
					,1
					,1
					,0
					,1
					,0
					,0
					,1
					,0
					,1
					,1
					,0
					,1
				]
			]
			,"faces": [
				[
					 0
					,1
					,2
				]
				,[
					 0
					,2
					,3
				]
				,[
					 4
					,5
					,6
				]
				,[
					 4
					,6
					,7
				]
				,[
					 8
					,9
					,10
				]
				,[
					 8
					,10
					,11
				]
				,[
					 12
					,13
					,14
				]
				,[
					 12
					,14
					,15
				]
				,[
					 16
					,17
					,18
				]
				,[
					 16
					,18
					,19
				]
				,[
					 20
					,21
					,22
				]
				,[
					 20
					,22
					,23
				]
			]
		}
	]
	,"materials": [
		{
			 "properties": [
				{
					 "key": "?mat.name"
					,"semantic": 0
					,"index": 0
					,"type": 3
					,"value": "wire_088144225"
				}
				,{
					 "key": "$mat.shadingm"
					,"semantic": 0
					,"index": 0
					,"type": 4
					,"value": 2
				}
				,{
					 "key": "$mat.illum"
					,"semantic": 0
					,"index": 0
					,"type": 4
					,"value": 1
				}
				,{
					 "key": "$clr.ambient"
					,"semantic": 0
					,"index": 0
					,"type": 1
					,"value": [
						 0
						,0
						,0
					]
				}
				,{
					 "key": "$clr.diffuse"
					,"semantic": 0
					,"index": 0
					,"type": 1
					,"value": [
						 0.6
						,0.6
						,0.6
					]
				}
				,{
					 "key": "$clr.specular"
					,"semantic": 0
					,"index": 0
					,"type": 1
					,"value": [
						 0
						,0
						,0
					]
				}
				,{
					 "key": "$clr.emissive"
					,"semantic": 0
					,"index": 0
					,"type": 1
					,"value": [
						 0
						,0
						,0
					]
				}
				,{
					 "key": "$mat.shininess"
					,"semantic": 0
					,"index": 0
					,"type": 1
					,"value": 0
				}
				,{
					 "key": "$mat.opacity"
					,"semantic": 0
					,"index": 0
					,"type": 1
					,"value": 1
				}
				,{
					 "key": "$clr.transparent"
					,"semantic": 0
					,"index": 0
					,"type": 1
					,"value": [
						 1
						,1
						,1
					]
				}
				,{
					 "key": "$mat.anisotropyFactor"
					,"semantic": 0
					,"index": 0
					,"type": 1
					,"value": 0
				}
				,{
					 "key": "$mat.refracti"
					,"semantic": 0
					,"index": 0
					,"type": 1
					,"value": 1
				}
			]
		}
	]
}
